Title,POST_ID,Timestamp
No events showing on the Events tab!,1f2bps1,2024-08-27 08:09:11
only receiving some push notifications on phone if app is open,1f28stg,2024-08-27 04:47:50
Solocam s220,1f282nh,2024-08-27 04:04:03
Let's talk doorbell cams.,1f26qf0,2024-08-27 02:51:51
How can I set up a SHORT notification/chime from Homebase 3 when the Motion Sensor detects motion?,1f23sn5,2024-08-27 00:27:45
Activity zone broken ,1f22qaq,2024-08-26 23:37:31
Eufy E340 doorbell camera delay,1f1s16x,2024-08-26 16:10:24
Faulty camera?,1f1iypw,2024-08-26 08:15:59
Speeding views on eufy door bell,1f1gyi0,2024-08-26 05:53:10
Remote monitoring? ,1f1gty2,2024-08-26 05:44:22
"""System time mismatch with server, please check your settings""",1f1gnsw,2024-08-26 05:31:55
Over Eufy,1f19d4a,2024-08-25 22:57:21
Eufy app arm disarm HomeKit google home ,1f16r70,2024-08-25 20:59:36
SoloCam S340 screw size,1f158vp,2024-08-25 19:55:20
Eufy removes 24/7 recording ability from the E330 Pros in Wifi mode!,1f13b5f,2024-08-25 18:31:38
Rate my Potential Purchase,1f10l3q,2024-08-25 16:37:22
I get these messages every now and then,1f0ztvy,2024-08-25 16:05:22
Should I buy Eufy products? ,1f0z37e,2024-08-25 15:33:28
"Despite the sensitivity being set to max and all motions, the camera doesn‚Äôt pick up if anyone walks in from the left side. Why is this?",1f0xvpo,2024-08-25 14:41:01
Eufy doorbell does not allow to change settings but streams and everything else works..,1f0sh1a,2024-08-25 09:28:15
Spaceview Camera Repair,1f0rr2p,2024-08-25 08:34:30
Others cannot view encrypted clips,1f0nwvd,2024-08-25 04:11:14
Moved existing cam to 2nd home base,1f0n27k,2024-08-25 03:20:57
Eufy S220 Camera Local Storage,1f0mcb3,2024-08-25 02:40:27
Eufy Cam T8111 and Homebase S380,1f0kgij,2024-08-25 00:59:28
Pet detection,1f0h9bs,2024-08-24 22:22:13
Can I use an add-on Chime without the doorbell camera?,1f0glig,2024-08-24 21:50:59
Is this a EufySecurity Security Vul ? ,1f070w9,2024-08-24 14:48:31
Video doorbell e340 minibase chime does not ring indoor chime,1f01bta,2024-08-24 09:29:21
Sensor to activate camera,1ezxe2y,2024-08-24 04:57:48
Nas or Homebase 3? Advantages? Disadvantages?,1ezx6sc,2024-08-24 04:45:21
Switch security modes with Google Assistant.,1ezw6rb,2024-08-24 03:47:00
S340 Doorbell dual Camera Scheduling question ,1ezpfaf,2024-08-23 22:15:56
Unable to connect camera to homebase 2,1ezn75e,2024-08-23 20:40:44
received a notification from different person's camera?,1ezjuo1,2024-08-23 18:19:43
2c pro alarm always beeping on motion,1ezcott,2024-08-23 13:25:03
Micro SD card insertion detected,1ez7wp6,2024-08-23 08:54:54
S220 or E340,1eyzfrq,2024-08-23 00:41:22
Activate cameras on specific time.,1eyytrb,2024-08-23 00:12:45
E340 Doorbell Issues,1eyrisx,2024-08-22 18:59:23
Eufy Indoor Pan/Tilt Camera E220,1eyrbxm,2024-08-22 18:51:28
Question about activity zones,1eyn9rz,2024-08-22 16:09:30
Events failed to lead under Wify,1eykvje,2024-08-22 14:34:26
IR causing ‚Äúglare‚Äù resulting in ‚Äúmotion‚Äù?,1eyft2q,2024-08-22 10:23:23
How to fallback to program mode,1ey9zs9,2024-08-22 04:01:16
Eufy Dual Video Doorbell (Wired) S330,1ey8xt0,2024-08-22 03:04:50
S120 is there a manual way to turn on siren?,1ey62x7,2024-08-22 00:47:28
SD Card Question,1ey2vvm,2024-08-21 22:23:24
Too many notifications?,1ey1zbu,2024-08-21 21:45:37
Getting S220 to Record to Homebase 3 Instead of Phone,1exzb5v,2024-08-21 19:56:25
Hard drive for Homebase 3,1exxl0x,2024-08-21 18:47:00
Suggestions for outdoor cams and video doorbell (with continuous recording),1extisl,2024-08-21 16:06:07
My biggest problem,1exqt6p,2024-08-21 14:19:01
SoloCam S220 (4-Cam Pack) Price error shipments?,1expqdh,2024-08-21 13:31:51
E220 and powerbank?,1exmd1n,2024-08-21 10:43:03
Eufy for balcony,1exm6fo,2024-08-21 10:31:56
RTSP setup,1exdnw4,2024-08-21 02:00:12
Playback buffering forever and not playing,1exd6f1,2024-08-21 01:36:31
Latest Android App update ,1ex18g1,2024-08-20 17:14:09
E330 wired camera - screw type for adjusting the positioning of the camera (lost one!),1ewwkfc,2024-08-20 14:10:08
Network drops on other devices,1ewpy03,2024-08-20 08:00:24
Camera can‚Äôt live stream when I‚Äôm outside home network,1ewoguj,2024-08-20 06:17:49
Cam won‚Äôt go out of network,1ewk9ph,2024-08-20 02:22:47
Need to update the Eufy Baby Pro Camera & Monitor E210. Does the charging cable have data transfer capability?,1ewh3v2,2024-08-19 23:54:22
Mounts,1ewfnwq,2024-08-19 22:49:05
E340 Doorbell - thumbnails from ‚ÄòDoorbell Ring‚Äô only?,1ewdkc6,2024-08-19 21:22:00
Eufy Pet Camera Pro N140,1ewc70u,2024-08-19 20:26:52
Beep goes to purple,1ew70l1,2024-08-19 17:00:08
E340 Floodlight Sound Issues,1ew4k7t,2024-08-19 15:23:01
E330 standalone ,1evx58q,2024-08-19 09:05:02
Any way to make an alarm tone sound through my phone if motion detected?,1evv5gh,2024-08-19 06:42:35
My homebase 2 doesn‚Äôt work,1evthcd,2024-08-19 04:53:22
Floodlight cam stopped recording to homebase.,1evt82b,2024-08-19 04:37:01
Eufy Spaceview Baby Monitor Audio Issue,1evscdj,2024-08-19 03:45:58
Suddenly can't delete events?,1evqs9r,2024-08-19 02:24:13
Eufy Home Base isn't working?,1evpvau,2024-08-19 01:38:00
Eufycam S330 varying amount of solar charge,1evpdb2,2024-08-19 01:12:47
"Errors with playback, unable to play.  The file has been deleted due to overwriting...",1evn3zj,2024-08-18 23:23:52
Caught in the act!,1evkjck,2024-08-18 21:30:08
Video Doorbell 2K (T8210C) - trouble viewing live stream and other things not working when no motion is detected,1evjuxk,2024-08-18 21:01:27
Eufy s120 Solar wall cam,1evi8m2,2024-08-18 19:54:07
Ok to wire video doorbell?,1evhji9,2024-08-18 19:24:37
‚ÄúUnable to connect to server‚Äù while login in iOS app from WiFi ,1evgyxo,2024-08-18 19:00:41
Cameras stopped showing in events,1evfuuy,2024-08-18 18:13:26
Concerning event every morning around the same time,1evecnd,2024-08-18 17:09:48
New (used) Spaceview camera testing? ,1evea8e,2024-08-18 17:06:41
RTSP problems with OutdoorCams but only at one location,1evc6ml,2024-08-18 15:37:50
Solocam S220 Not Detecting Movements,1evbvj1,2024-08-18 15:24:55
solo cam s340 not charging above 85%,1evbugl,2024-08-18 15:23:40
Enable 24/7 recording on E330 Pro,1eva47q,2024-08-18 14:08:43
If camera stolen ,1eva3ab,2024-08-18 14:07:34
Events not recording ,1ev3pxp,2024-08-18 07:38:45
Mounting Cameras at Second Story Height,1ev2jx9,2024-08-18 06:18:05
Too many notifications ,1ev1miv,2024-08-18 05:19:44
Did they get rid of the multibridge feature on the HB3,1ev1cs2,2024-08-18 05:03:01
Homebase 3 not receiving notifications reliably + cameras not loading ,1ev0nqk,2024-08-18 04:21:03
E330 wiring,1eummgo,2024-08-17 17:05:47
Professional Monitoring Question ,1eum1mn,2024-08-17 16:41:03
Wired Wall Light Cam S100 & Homebase S380,1euj8zy,2024-08-17 14:38:39
Background noise and false sound notifications?,1euis8f,2024-08-17 14:17:15
How to troubleshoot this video loading error?,1euiij9,2024-08-17 14:04:59
How to get this widget in the app ?,1eug7lj,2024-08-17 12:11:14
How to export/ view videos from the SSD?,1euewgj,2024-08-17 10:51:14
Are solar panel peeling issues still affecting Eufy cameras?,1eu713d,2024-08-17 02:28:59
Recording question,1eu4rj8,2024-08-17 00:37:14
Eufy App Events Timestamp Difficulties Across Timezones,1eu1llr,2024-08-16 22:15:23
Is there an antitheft policy on doorbell? ,1eu05ro,2024-08-16 21:14:47
Not able to list events,1etsqdl,2024-08-16 16:06:59
C9C outdoor PTC camera ,1etk8jf,2024-08-16 09:18:38
Noise in live preview and recordings,1etjx4f,2024-08-16 08:56:55
Outdoor cameras and smart speakers ,1etfk8d,2024-08-16 04:11:57
Where is privacy mode?,1etdov4,2024-08-16 02:32:41
24/7 Cameras keep disabling motion detection,1etcmjg,2024-08-16 01:38:51
Cam doesn‚Äôt capture audio unless its really loud or near the doorbell,1etai2w,2024-08-15 23:58:50
FYI my Eufy Doorbell S300 works with the Eufycam solar panel.,1et8y21,2024-08-15 22:48:39
Video events not loading in the app,1et7cvn,2024-08-15 21:40:43
Eufy S340 camera no longer charging with Solar Panel,1et46wk,2024-08-15 19:31:07
Delamination on eufy s330 cameras after 6 months,1et45qv,2024-08-15 19:29:50
"Eufy security vs Google Home, again.",1et20rb,2024-08-15 18:07:07
 can‚Äôt get VOX to work on baby monitor ,1et1t1q,2024-08-15 17:58:33
"I‚Äôve had this for like 1.5 years. Why isn‚Äôt it full? 6 cameras, all with high motion sensitivity and optimal surveillance set.",1et105i,2024-08-15 17:26:08
Findings: BionicMind AI Recognition impacted by clearing SSD recordings?,1eszm0x,2024-08-15 16:29:32
2c cameras and base deleted from app,1esy7qm,2024-08-15 15:32:25
Accessing feed via local network failing,1esvvpa,2024-08-15 13:58:25
Camera noob,1essw46,2024-08-15 11:36:41
Less than 6 months old. Normal?,1ess8as,2024-08-15 10:59:12
Disable 24/7 recording on E330 Pro?,1espymc,2024-08-15 08:27:21
Every day my E340 doorbell thinks my bush is a person. But when someone walked right up to the door and stole my scooter it didn‚Äôt even capture it. Too bad the thief was a man and not a bush.,1esgz36,2024-08-15 00:08:20
aosu c9c,1esc3gq,2024-08-14 20:39:42
False alarm ,1esb76b,2024-08-14 20:02:41
Customizing Motion Notifications,1esb04b,2024-08-14 19:54:59
Add PTZ camera to home base ,1es4znk,2024-08-14 15:44:48
Eufy doorbell keeps randomly ringing once a day,1es3ah8,2024-08-14 14:38:36
Eufy wireless with existing doorbell,1es0y41,2024-08-14 12:58:50
Unable to access homebase 3 connected cameras events since app update 4.8.8.,1ert32w,2024-08-14 04:57:12
Unable to connect to HomeBase (-3),1erp8yj,2024-08-14 01:40:41
Identification Request,1erfk5u,2024-08-13 18:37:02
Floodlight Camera E340: can you install it horizontally?,1er6kcz,2024-08-13 12:26:55
Floodlight Camera E340: Can I set it to not zoom?,1eqlhdx,2024-08-12 18:33:52
C210 Delayed Notification,1eqkl8k,2024-08-12 17:59:20
Thumbnail ,1eqkam0,2024-08-12 17:47:45
E340 Battery charging,1eqj5sn,2024-08-12 17:04:00
2 houses with Eufy cams,1eqikdb,2024-08-12 16:41:21
"Joining the Eufy family, need a little guidance/advice",1eqg0gm,2024-08-12 15:01:11
New s230 solo solar cam ,1eqeivx,2024-08-12 14:01:19
New Eufy Customer here (hopefully) with a ?,1eqc81g,2024-08-12 12:19:59
How to trigger HomeBase alarm with human detection only?,1eq8f4r,2024-08-12 08:31:06
does Eufy S330 (eufyCam 3)  have only local storage?,1eq4zb4,2024-08-12 04:47:16
"Notifications issue, going to live feed with no thumbnail ",1eq3o8k,2024-08-12 03:33:19
Baby monitor Spaceview,1eq1ln9,2024-08-12 01:45:16
"S330 loosing around 4% charge per night, no detections.",1eq15k4,2024-08-12 01:23:16
Question,1eq1224,2024-08-12 01:18:35
Eufy Indoor Cam Pan & Tilt no sound recorded,1epzzpn,2024-08-12 00:27:49
Eufy Doorbell App,1eptfuy,2024-08-11 19:38:30
Turn floodlight on only when human or vehicle detected?,1eprbci,2024-08-11 18:08:30
I love the S3,1epkf35,2024-08-11 13:09:03
Eufy Doorbell Camera not failing to load video events ,1epdig3,2024-08-11 05:51:03
Eufycam Indoor Cam fix noise ,1epcqlv,2024-08-11 05:03:20
Which doorbell/ camera and Homebase combination to choose.,1epa8fq,2024-08-11 02:43:28
Tripled,1epa70p,2024-08-11 02:41:26
E330 water ingress,1ep8mrj,2024-08-11 01:18:06
Appreciation Post,1ep20gk,2024-08-10 20:03:18
Video doorbell w/ solar?,1ep1ak0,2024-08-10 19:30:58
Using SATA to SATA HDD Adapter to use 3.5 Inch HDD in Homebase3,1ep0dja,2024-08-10 18:49:29
Indoor E220 vs S350,1eoyqgd,2024-08-10 17:37:41
No recodings while HB3 powered off,1eowoiw,2024-08-10 16:09:57
Flood light alarm activated over movement?,1eovnfj,2024-08-10 15:25:20
How to download video from playback e340,1eout83,2024-08-10 14:49:08
Background noise in the recorded videos?,1eott8w,2024-08-10 14:04:03
"""Detected"" by Local AI....",1eosytk,2024-08-10 13:24:20
Eufy Indoor camera ,1eoi1d4,2024-08-10 02:25:52
Wireless Solar Cameras 24/7 recording ,1eocd3u,2024-08-09 22:01:26
Eufy Cam 3 4K or Google nest outdoor?,1eo8xob,2024-08-09 19:40:41
Trying to filter notifications,1eo0435,2024-08-09 13:45:51
Solocam S220 Battery Drain,1enzyhx,2024-08-09 13:39:07
Face Recognition bit working,1enyyi5,2024-08-09 12:54:27
Latest Software Update HB3 3.5.4.8,1enw430,2024-08-09 10:17:45
eufyCam 2C Pro on WiFi??,1envpxw,2024-08-09 09:52:23
Homebase 3,1ensqbp,2024-08-09 06:28:53
"Eufy Solo Cam S340, same as EufyCam Solo S3 ( Costco)",1enpmlf,2024-08-09 03:28:35
S220 Camera dragging WiFi network down,1enpfnn,2024-08-09 03:18:28
"Heartrate overlay always on, baby monitor 2.",1enliq4,2024-08-09 00:07:41
Three different cams just lost connection and won't reconnect ,1enl5np,2024-08-08 23:50:51
Has anyone had an event disappear?,1enkhh6,2024-08-08 23:20:36
Has anyone successfully used PoE split for the E330?,1enkcjd,2024-08-08 23:14:32
E330 and S330 with mesh networks using multi-bridge,1eng55d,2024-08-08 20:16:37
Best/cheapest wireless CAM to be used indoors,1endcsh,2024-08-08 18:24:30
New Cam models?,1end9kc,2024-08-08 18:20:53
Eufy Doorbell E340 Battery Life,1en8ss3,2024-08-08 15:23:10
S340 Solocam 3,1en6lq0,2024-08-08 13:55:11
Motion detect behind a window with an Eufy 3 cam?,1en5tgd,2024-08-08 13:21:16
2 sites/accounts on the same app????,1en2jnt,2024-08-08 10:32:21
Cover 2 sites/accounts on 1 app?,1en1hz3,2024-08-08 09:25:31
"S210 wireless doorbell issue - no chime on 1st press, 2nd press fine",1en0sv6,2024-08-08 08:38:36
eufyCam Solo will not stop recording?,1en0nbt,2024-08-08 08:28:09
Customer Service - 4G S330,1en07vm,2024-08-08 07:57:39
Anyone‚Äôs E330 lose color night vision tonight and IR turn on?,1emx230,2024-08-08 04:36:26
Doorbell Ghost rings,1emv4j6,2024-08-08 02:54:08
Eufy indoor S350 Privacy,1emtbb1,2024-08-08 01:26:37
Deals at Costco,1emsyk1,2024-08-08 01:09:27
Silly question: can you unlock E330 video door lock with smart phone,1emqsvy,2024-08-07 23:29:21
Does Homebase 3 reduce wireless coverage in the home?,1emok6w,2024-08-07 21:54:09
Does S330 need a bridge,1emogev,2024-08-07 21:49:48
Delayed C210,1emncbm,2024-08-07 21:04:18
I can't for the life of me connect a wired dual cam doorbell to the homebase 3!,1emltsv,2024-08-07 20:03:10
Eufy 2K Battery Doorbell on Busy Street,1eml5th,2024-08-07 19:36:43
Is there any way i can customise de sound my doorbell makes at the door?,1emkkbc,2024-08-07 19:12:56
eufyCam 2 Pro,1emgxxy,2024-08-07 16:52:12
Installed a Eufy c210 in my toddler's room... ,1emft92,2024-08-07 16:08:28
Lost manual recording after connecting S120 to HomeBase 3,1emen6w,2024-08-07 15:23:55
Glass break sensor?,1emec17,2024-08-07 15:12:04
Video doorbell 10 second delay in notification?,1emax12,2024-08-07 12:49:34
What is the subsytem version number of your eufy c120 camera?,1em7y9q,2024-08-07 10:05:09
4G LTE WiFi Camera S330 won‚Äôt sync,1em1s58,2024-08-07 03:33:47
EufyCam 2C Pro not detecting,1elxl5p,2024-08-07 00:11:05
E330 Cameras. Spotlight stopped working when motion detected,1elrnbp,2024-08-06 20:03:51
Different homebase 2 models,1elqt7q,2024-08-06 19:29:26
Does the e340 floodlight cam go on sale?,1elnns1,2024-08-06 17:24:40
E340,1ellz2f,2024-08-06 16:17:31
Question about the charging time S330 Cam,1elg1hd,2024-08-06 12:07:20
no-drill mounting of video doorbell?,1elfwzw,2024-08-06 12:00:56
Eufy servers,1elbqqx,2024-08-06 07:39:08
No notification sound? S350,1el9z41,2024-08-06 05:44:29
Help with HB3 and E340 Floodlight Connection,1el5gsh,2024-08-06 01:40:57
Looking for e340 doorbell feedback,1el0yja,2024-08-05 22:18:55
"What do I do, I can‚Äôt see footage at night because the lights reflecting.. how do I turn it off? My cameras inside behind a window but works fine at day. ",1ekzvwj,2024-08-05 21:34:40
Where to position Eufy Doorbell,1ekzdiq,2024-08-05 21:14:08
EufyCam 4 features wishlist? ,1ekth95,2024-08-05 17:19:30
eufy E340 starts recording too late,1ekt0ll,2024-08-05 17:01:03
Two months after replacement ,1ekrvge,2024-08-05 16:15:18
Solocam c210,1ekqzsp,2024-08-05 15:39:58
Eufy cameras and doorbells insane delay when away from home,1ekqw1c,2024-08-05 15:35:34
Eufy Homebase3 and non eufy cameras?,1ekq50x,2024-08-05 15:05:59
Lost T8200 to Lightning - Replacement Question,1ekj5zm,2024-08-05 09:05:41
Replacing defective HB3,1ejolcv,2024-08-04 06:22:17
eufyCam E330 won‚Äôt switch to B/W at night ,1ekbelg,2024-08-05 01:19:40
S340 on charger how long,1ek9obb,2024-08-04 23:54:08
Second hand home bases,1ek3rno,2024-08-04 19:35:04
Floodlight Cam 2 Pro - Help,1ejw9sl,2024-08-04 14:15:46
How to take the mount down to move the camera to better spot on the eufy 2c camera ,1ejlrl3,2024-08-04 03:30:01
Automation,1ejhqqw,2024-08-04 00:00:40
Solo Indoorcam,1ejauys,2024-08-03 18:49:06
Refresh of Wired Outdoor Cam Pro 2K ever?,1ej2p2j,2024-08-03 12:55:28
S330 no longer charging,1eizc0v,2024-08-03 09:37:02
"Video Smart Lock Dumb Question(s): Why is the recharge port on the outside, and how are you supposed to use your door with the battery out charging?",1eiv5od,2024-08-03 05:04:15
"Eufy app not generating QR code? Just says retry, never displays. Any thoughts?",1eiqc89,2024-08-03 00:53:37
E340 doorbell top/bottom light triggering outside activity zone,1eiltnb,2024-08-02 21:29:24
HomeBase 3 has 2 ipaddress on Lan,1eikb2k,2024-08-02 20:26:17
Issue with recordings ,1ei8k6r,2024-08-02 12:16:40
Purpose of Homebase,1eht53e,2024-08-01 22:00:35
Eufy solocam e40 disconnecting ,1ehmff4,2024-08-01 17:26:03
IR on while in -HOME- modus,1ehkxg1,2024-08-01 16:25:36
Eufy E340 doorbell overheating,1ehhjo0,2024-08-01 14:05:48
Can the app show a current snapshot from a camera with out launching the feed?,1ehgr9o,2024-08-01 13:31:40
Eufy Homebase 2 Keeps Going Offline (No Led light indicator),1eh9fcc,2024-08-01 06:06:29
Which EufyCam setup Advice ,1eh9ceg,2024-08-01 06:01:17
Eufy Homebase 3 S380 Teardown ,1eh3oc5,2024-08-01 00:56:34
Homebase 3 immune to wifi jamming?,1eh1voi,2024-07-31 23:32:01
Homebase 3 S380 Corrupted During Firmware Update/ Eufy Won't Replace,1eh1h6j,2024-07-31 23:13:51
Remove floodlights from E340 360 degree cam?,1egv69g,2024-07-31 18:54:32
Setting Automations,1egrxym,2024-07-31 16:45:26
Anyway to correct the Local AI on doorbell camera?,1egm7ul,2024-07-31 12:43:30
Change wifinetwork on Wall Light Cam S100,1egj242,2024-07-31 09:44:08
best anti theft door mount? ,1egfi5h,2024-07-31 05:41:38
Cameras stopped working !!!,1egazx5,2024-07-31 01:39:14
Doorbell: Blurry Notification Pictures,1eg09py,2024-07-30 18:07:52
Help with doorbell plz,1efyoi8,2024-07-30 17:04:10
Thinking of downgrading doorbell camera from S220 to 2k wired only,1efpdtb,2024-07-30 09:55:00
My Security App Won't Allow Me to Add Newer Eufy Products (US Products Brought to Japan),1efok1t,2024-07-30 08:57:35
Eufy doorbell cam question,1efhk0p,2024-07-30 01:58:26
E220 24/7 confused?,1efgviv,2024-07-30 01:25:39
How do I make S330 doorbell ring both Wi-Fi Bridge and Homebase? Options for additional chimes?,1efds17,2024-07-29 23:04:30
What good is multi-bridge if it only works with E330,1efcwum,2024-07-29 22:27:41
EufyCam motion detection not working,1ef57kz,2024-07-29 17:20:55
Advice on garden cameras,1eeur1o,2024-07-29 08:55:47
No Apple Watch notifications?,1eem8gk,2024-07-29 00:31:32
Transferring cameras from Homebase 2 to 3,1eegixo,2024-07-28 20:12:34
MicroSD- Karte wurde formatiert ,1eegir1,2024-07-28 20:12:19
Eufy Ring Analysis ,1eefjgw,2024-07-28 19:29:41
Water damage,1eeeuff,2024-07-28 18:59:31
Eufy solo s340 offline after latest firmware update ,1eed1zk,2024-07-28 17:41:41
Pause Notifications for just one camera?,1eecwkh,2024-07-28 17:35:06
"Diagnosing low frame rate streams in Home, streams work fine in Eufy app",1eeb2x8,2024-07-28 16:14:20
How to check accounts that have access and/or access/activity logs?,1eeaeve,2024-07-28 15:45:10
S350 and Deco Mesh,1ee8tld,2024-07-28 14:34:53
S340 - Tilt camera question,1ee8ruy,2024-07-28 14:32:41
Found the screw I needed for top of my eufy doorbell so you can't easily remove or steal it ,1ee7zuy,2024-07-28 13:56:23
Outdoor Cam Pro disappears from app and unable to reset,1ee6u4t,2024-07-28 12:57:13
S330 losing 7% daily with 10~ events recorded and 500~ mAh solar energy restored?,1ee6f8o,2024-07-28 12:34:02
Does rhe S340 have detection by image and not PIR?,1ee3g1j,2024-07-28 09:19:31
Video compression model differences,1edtkqd,2024-07-27 23:22:15
What's the point of Homebase 3 if it can't record 2k?,1edt2pe,2024-07-27 22:58:39
Dual doorbell - stopped working and no beep when reseting ,1edqvpf,2024-07-27 21:16:51
Multi-bridge option not showing,1ednjrx,2024-07-27 18:49:47
E330 Pro with microSD Card support,1edn4ea,2024-07-27 18:30:54
eufy Security Smart Lock C220 Rechargable Battery Option,1edm2dp,2024-07-27 17:45:00
Is this legal&binding? Eufy update killed my camera.,1edkv3i,2024-07-27 16:51:59
Need to increase range to s340 from home base,1edkrka,2024-07-27 16:47:31
Should I be able to operate an s220 without Internet access?,1edg8cs,2024-07-27 13:20:37
"Is this wind noise normal for an S340, or something's wrong?",1edce5s,2024-07-27 09:30:04
E340 Doorbell Battery,1ed9n2k,2024-07-27 06:18:26
Eufy events for July disappeared ,1ed7bcm,2024-07-27 03:55:50
VOX mode turning off cycle cameras on Eufy Spaceview ,1ecytw5,2024-07-26 21:00:54
Advice on Monitoring Two Houses!,1ecxy2x,2024-07-26 20:22:30
Alerting me about every car driving by,1ecxgy6,2024-07-26 20:02:03
Eufy Chime for Video Door Bell,1ecsrfb,2024-07-26 16:43:42
Eufy without subscription?,1ecnclm,2024-07-26 12:53:08
Wifi chime flashing red - no BT,1eclvwt,2024-07-26 11:37:16
Offended by ads,1ecjda4,2024-07-26 08:55:48
No router ,1ecd2gh,2024-07-26 02:30:20
Eufy c120 keeps disconnecting,1ec4qib,2024-07-25 20:12:57
What do you think of the dual doorbell cam? Homebase?,1ec3pa2,2024-07-25 19:31:03
Opinions on My S230 Use Case,1ec0igd,2024-07-25 17:22:27
Video feed of 2C Pro cameras foggy after two years,1ebzfb3,2024-07-25 16:37:57
Camera‚Äôs show no events in app since today,1ebwr92,2024-07-25 14:48:35
how convenient for them to just keep ppl pushing dates forward Dont buy home base 3 for compatibility with current cams its a lie!,1ebwm5x,2024-07-25 14:42:36
Is C120 camera compatible with Homebase 2?,1ebutks,2024-07-25 13:25:11
You guys keeping your ‚ÄòHomebase 3‚Äô in some sort of modified safe-esque enclosure?,1ebsoq2,2024-07-25 11:38:13
doorbell firmware update fail,1ebn1ac,2024-07-25 05:29:04
Homebase3 and Home Assistant,1ebmd6b,2024-07-25 04:49:42
SoloCam S340 Initial Charging Time,1ebgnev,2024-07-24 23:59:23
Recordings deleted/overwritten,1ebfwlr,2024-07-24 23:25:41
Is there a way to see live feed of all cameras when opening Eufy app instead of play button?,1ebc82t,2024-07-24 20:49:33
Tracking when home (S350),1eb9n64,2024-07-24 19:04:38
Eufy doorbell ,1eb964n,2024-07-24 18:45:35
Camera has been stuck on blinking bluish/purple light for a week,1eb8za2,2024-07-24 18:38:04
Floodlight Camera keeps disconnecting from WiFi,1eb1sv1,2024-07-24 13:42:27
First impressions switching from ring to eufy.,1eb0gu2,2024-07-24 12:40:24
Setup homebase 2 without ethernet cable? I do not have a router but have a hotspot,1eazjrr,2024-07-24 11:53:43
S330 dual camera doorbell mount,1eapuiu,2024-07-24 02:06:27
Motion detection issues with 2C cameras,1eapgbh,2024-07-24 01:47:33
S330 Camera Detection Range,1eaovs4,2024-07-24 01:19:13
Eufy E330 RTSP/ONVIF,1eaopv0,2024-07-24 01:10:52
"Failure to acknowledge mistakes, terrible CS",1ean0l5,2024-07-23 23:51:36
"New to eufy, couple of questions.",1eak70a,2024-07-23 21:50:14
Apple HomeKit Support,1eajqr2,2024-07-23 21:31:54
I think my Solocam E40 just drowned,1eahoh9,2024-07-23 20:08:48
Can Eufy cameras or doorbells detect fast motion?,1eahobu,2024-07-23 20:08:39
Recording Not Saving Locally after subscription ,1eaffc5,2024-07-23 18:38:59
Website ,1eae1ow,2024-07-23 17:42:53
Is Sd card enough?,1eackzo,2024-07-23 16:43:59
Am i missing something with group control?,1eab773,2024-07-23 15:48:03
Sharing homebase for changing mode but not cameras,1eaaw17,2024-07-23 15:35:47
Apple watch has eufy app but not android. Why?,1eaamny,2024-07-23 15:25:44
Solocam s40 quality and durability issues,1eaa6i8,2024-07-23 15:08:02
Does S350 indoor cam have to have an micro SD card if we don't have the base 3?,1ea9ecb,2024-07-23 14:35:33
Video doorbell c210 used to notify when it detected a human but now only notifies when the doorbell is pressed,1e9zhgz,2024-07-23 05:02:04
bulk download from Eufy Mini Cam,1e9t5k2,2024-07-22 23:42:04
Solocam C210 with inconsistent detection,1e9shmu,2024-07-22 23:12:43
Where should I mount Camera?,1e9shk4,2024-07-22 23:12:37
Official: no HomeKit no multichannel live view.  Ever,1e9q326,2024-07-22 21:31:30
Disable Schedule Notifications?,1e9mj3g,2024-07-22 19:08:48
Delay on the way out not really working,1e9j9rs,2024-07-22 16:57:54
I modified the solar panels with magnets,1e9j5iq,2024-07-22 16:53:00
Scam site?,1e9i75s,2024-07-22 16:13:27
How do i get doorbell to show on amazon echo show or amazon TV stick,1e9h7gt,2024-07-22 15:32:22
How would you mount this?,1e9glzn,2024-07-22 15:07:35
Help,1e9d08f,2024-07-22 12:26:14
Alexa Announcing Twice,1e9c9d5,2024-07-22 11:48:18
Eufy notifications on Echo Show all of a sudden going bonkers ü§î  Is the Eufy skill broken within Alexa?,1e9bkmg,2024-07-22 11:09:28
Eufy e330,1e9b4oj,2024-07-22 10:43:03
Floodlightcam E340 @ Homebase3,1e96kgm,2024-07-22 05:34:50
Eufy Geofencing finally working,1e94ya9,2024-07-22 03:56:02
Got a notification a few hour ago and now Eufycam is offline but still can be seen on the WiFi router's connected device list,1e930lx,2024-07-22 02:11:22
Anyone split the cable on a solar panel to charge two cameras?,1e8z4m0,2024-07-21 22:59:39
Eufy Ads,1e8yv75,2024-07-21 22:47:21
Is EUFY possible over existing wifi network,1e8xiq3,2024-07-21 21:46:14
Are Eufy‚Äôs solar panels useless?,1e8vesu,2024-07-21 20:13:01
Alexa chime delay,1e8ueti,2024-07-21 19:30:15
2C Pro EufyCam and HomeKit HKSV,1e8tkj7,2024-07-21 18:53:48
S340 video stream not compatible with Home Assistant? ,1e8t6sh,2024-07-21 18:37:01
Eufy indoor cam c120 only works on HomeKit if phone is on same network as camera ,1e8r9dh,2024-07-21 17:14:31
S330 sun,1e8qzhy,2024-07-21 17:02:31
HomeKit issue with 2c pro,1e8oup7,2024-07-21 15:27:57
Amazon Alexa access to Eufy cams not allowed thru shared users list,1e8nl6b,2024-07-21 14:30:39
Any plans for a true wired doorbell compatible with HB3 and mechanical chime?,1e8naux,2024-07-21 14:16:41
Eufy app ,1e8nae7,2024-07-21 14:16:04
Solo Cam battery powered,1e8m7vr,2024-07-21 13:22:30
Camera ,1e8kpmo,2024-07-21 12:00:14
SoloCam go to Sleep Mode?,1e8jkuo,2024-07-21 10:48:23
Will s220 work on homebase2?,1e8hlfm,2024-07-21 08:23:21
Problem with cloud services,1e8gus8,2024-07-21 07:29:51
Is home base 3 necessary?,1e8fr50,2024-07-21 06:15:03
S100 Wall Light Buzzing Sounds,1e8cjtr,2024-07-21 02:55:17
S340 solar panel mounting,1e8a307,2024-07-21 00:40:12
S220 not charging to 100%,1e8802f,2024-07-20 22:58:55
Trouble connecting Dual Camera (wired) to 2.4GHz,1e87nc3,2024-07-20 22:42:00
Did anyone's solo cams go down? ,1e85i9h,2024-07-20 21:00:11
Ideal location for 2x S330,1e80235,2024-07-20 16:51:29
Eufy cam s220 not recording events ,1e7zdyo,2024-07-20 16:20:55
home security display,1e7y573,2024-07-20 15:25:21
Alternative to Eufy indoor camera ecosystem?,1e7xlhz,2024-07-20 15:00:41
Non-native cloud storage.,1e7xiuc,2024-07-20 14:57:28
Bad Wifi Connections,1e7vtrs,2024-07-20 13:37:17
Water intrusion,1e7v5fn,2024-07-20 13:02:44
RTSP with eufy security app not working for my 2k cam pan&tilt,1e7u73y,2024-07-20 12:10:24
How do you use your indoor cam S350?,1e7u6mb,2024-07-20 12:09:36
Extra storage homebase 3,1e7tjpi,2024-07-20 11:31:08
Livestream and which camera,1e7t9ik,2024-07-20 11:13:32
Indoor Camera that's is also an alarm,1e7rpce,2024-07-20 09:24:28
2c cameras stopped streaming HomeKit,1e7pilq,2024-07-20 06:50:52
Wired Wall Light Cam S100 Not Showing White Light (Cool and Warm),1e7mnua,2024-07-20 03:49:19
Need advice on my Eufy system ,1e7heaz,2024-07-19 23:15:44
Eufy Ornithology (SoloCam E40),1e7fo6j,2024-07-19 21:57:47
S350 Alarm? ,1e7e8v5,2024-07-19 20:56:13
Eufy doorbell ringtones not changing.,1e77qtq,2024-07-19 16:20:15
Warranty Experience ,1e77jme,2024-07-19 16:11:45
Suitable Cameras For Location With No Wifi?,1e76cw4,2024-07-19 15:22:59
S120 cameras offline (local) access/control?,1e74269,2024-07-19 13:42:51
Eufy doorbell 2K hardwiring issue,1e72uhp,2024-07-19 12:44:40
Question on S350 and notification,1e72jnt,2024-07-19 12:29:33
Nothing in events!!,1e6zi4w,2024-07-19 09:21:50
Additional Homebase for Off-Premise Storage?,1e6wx10,2024-07-19 06:19:36
eufy 4G LTE Cam S330,1e6qeeh,2024-07-19 00:17:33
Are the eufy servers down for anyone else?,1e6p9o7,2024-07-18 23:24:29
Matching batt cam for HB3 ,1e6na2d,2024-07-18 21:52:39
Unbelievably disappointed ,1e6i56m,2024-07-18 18:20:35
Failed SSD Homebase 3,1e6go8m,2024-07-18 17:13:10
Video Playback Not Working on New Phone!,1e6edcp,2024-07-18 15:32:57
Smartlock s330 and wall light s100 connectivity question,1e6d0xj,2024-07-18 14:37:34
Adding s330 and Homebase 3 to Homebase 2 system ,1e6bysx,2024-07-18 13:51:42
Stuttering playback & Live view erros - possible fix,1e65zwg,2024-07-18 08:01:55
E330 too sensitive,1e62w5e,2024-07-18 04:36:53
Has anyone tried this anti-theft doorbell mount?,1e6238r,2024-07-18 03:52:15
Need a wireless smart switch for floodlight,1e61esf,2024-07-18 03:15:36
Add Cameras to Homebase,1e60nbg,2024-07-18 02:36:31
Debating transition from Homebase2 to 3,1e5z5ho,2024-07-18 01:21:55
Anyone have the clear layer start to lift? Eufy finger print keypad,1e5y7ob,2024-07-18 00:36:17
Unable to Setup S340,1e5y3l9,2024-07-18 00:30:43
I received a replacement solar panel for my S340,1e5xv4x,2024-07-18 00:19:32
Getting notifications but no events recorded ,1e5xfh9,2024-07-17 23:59:24
Doorbell camera not connected ,1e5xafb,2024-07-17 23:52:53
C210 Doorbell Worth it?,1e5v1i4,2024-07-17 22:14:58
E330 Pro video playback jump or skip few seconds,1e5u5dc,2024-07-17 21:38:08
"Questions - EufyCam vs. SoloCam, solar, SD+HKSV?",1e5u0c3,2024-07-17 21:32:21
Eufy S300 Static noise.,1e5sxgc,2024-07-17 20:47:47
Home base,1e5suos,2024-07-17 20:44:38
hole spacing for E340 and S330 doorbell,1e5q9g4,2024-07-17 18:58:31
To Euphy or not?,1e5pd3k,2024-07-17 18:22:11
Does Eufy have an app for Android TV that allows streaming the cameras to TV?,1e5mx0k,2024-07-17 16:43:50
Eufy 2C Pro stopped detecting,1e5mr2m,2024-07-17 16:37:07
"""Under Evaluation"" HomeBase Compatibility when?",1e5lqjk,2024-07-17 15:56:31
Eufy floodlight Cams,1e5k0t3,2024-07-17 14:46:57
Eufy 2K Wired Indoor will not connect to my Network. Failed Error. ,1e5ifze,2024-07-17 13:39:29
Eufy Pan and Tilt keeps going offline and back online? ...,1e5hyrp,2024-07-17 13:16:55
Outdoor cameras + alarm system question,1e5ggvo,2024-07-17 12:03:03
What is better?,1e5g8e9,2024-07-17 11:50:53
Thankful for the dangerous human that the camera detected in my backyard this morning,1e5f6bo,2024-07-17 10:50:13
Prime Day deal options,1e5dpkl,2024-07-17 09:15:50
Questions 2 homebases and smartlock,1e5bifs,2024-07-17 06:45:22
Which indoor camera detects dog barking best?,1e58dfd,2024-07-17 03:39:27
"Eufy keypad , homebase telling me devices require bypass ",1e506qa,2024-07-16 21:18:02
Google hub with doorbell,1e4x5ri,2024-07-16 19:14:41
Eufy Smart Lock E330 with Homebase 3? Chime?,1e4uo86,2024-07-16 17:33:58
Is a move from a T8210 to E340 a smart move?,1e4u7t7,2024-07-16 17:15:21
SmartDrop Delivery PIN gibberish,1e4pfq8,2024-07-16 14:01:57
First time customer,1e4neya,2024-07-16 12:29:56
S220 Advice,1e4mg5z,2024-07-16 11:40:05
"Finally having issues, HomeBase 2",1e4m0mr,2024-07-16 11:16:09
Prime Day Deal,1e4m0m9,2024-07-16 11:16:08
"Record everything, only notify when human detected? ",1e4bjo9,2024-07-16 00:58:01
S380 Home Base - Red Ring of Death,1e4bj6d,2024-07-16 00:57:23
S330 Box Contents Question,1e4ad4a,2024-07-16 00:02:00
Homebase 3 4k storage capacity questions‚Ä¶,1e48cj7,2024-07-15 22:32:48
Wired Doorbell not connecting to wifi,1e46z49,2024-07-15 21:35:39
Upgraded from Arlo to Eufy S340. Night and day difference. ,1e45lmj,2024-07-15 20:41:22
E330 streaming with tinycam pro,1e45hkp,2024-07-15 20:36:58
HDD formatted itself ?,1e45342,2024-07-15 20:20:57
weighing scale is syncing again on google fit,1e3ynpq,2024-07-15 16:08:53
No drill mount for battery doorbell?,1e3lxtl,2024-07-15 04:26:41
Geofencing,1e3cgal,2024-07-14 20:50:17
Homebase S380 Intermittent Since Firmware Update,1e3c8qc,2024-07-14 20:40:55
Eufy S330 wired dual doorbell cam randomly shut off,1e3c8bb,2024-07-14 20:40:24
Floodlight Camera E340 MicroSD card,1e32wd9,2024-07-14 13:56:01
My new Eufy video doorbell cam caught an creepy intruder last night. ,1e2xme2,2024-07-14 08:51:01
Homebase 2 red light,1e2qjpd,2024-07-14 01:41:13
What's the wifi range of the Homebase 3?,1e2qb5h,2024-07-14 01:28:25
Pin does not work to remove doorbell,1e2mpg8,2024-07-13 22:30:54
Is the 2k doorbell camera supposed to show live feed?,1e2ir66,2024-07-13 19:34:23
S340 camera location ,1e2ie8f,2024-07-13 19:18:41
Quick question about the S330 4G cam...,1e2fqju,2024-07-13 17:23:15
Home Camera/Security Setup,1e2f488,2024-07-13 16:57:00
E340 floodlight cam and Google Home Integration,1e2dpxv,2024-07-13 15:57:04
Basics of how Eufy cams work,1e29lxh,2024-07-13 12:46:57
Flood Light On When Detection In Activity Zone.,1e27zw2,2024-07-13 11:15:26
S340 only works for a couple of seconds before dropping signal for minutes at a time,1e259xr,2024-07-13 08:14:52
How to anti-theft the E340 floodlight?,1e243hv,2024-07-13 06:56:49
Activity zone disappointment,1e21kjn,2024-07-13 04:20:32
Continuous Recording Limit is now 5 Camera‚Äôs?,1e1whvu,2024-07-12 23:58:22
Eufy Battery Dual 2K Doorbell and WiFi Chime,1e1wbtb,2024-07-12 23:50:19
Will My C210 Lock Alert A Break In? ,1e1pml1,2024-07-12 19:01:47
E330 24/7 4K Mic/Sound Issue,1e1pgy0,2024-07-12 18:55:22
"$200 of $1,000 actually off $10,000",1e1o4ei,2024-07-12 17:59:00
Not working on mobile data,1e1lxcj,2024-07-12 16:27:59
Can you tell when someone is watching you live?,1e17z77,2024-07-12 03:47:39
Are these important?,1e14l3f,2024-07-12 00:51:21
Can‚Äôt sync S330,1e0wa8z,2024-07-11 18:42:11
Support for Geofencing + Schedules?,1e0w8z9,2024-07-11 18:40:39
Watch live without sound,1e0svvo,2024-07-11 16:18:51
Outlet automation?,1e0njjs,2024-07-11 12:17:10
Review continuous recording video?,1e0n5od,2024-07-11 11:57:25
Cameras talking in middle of night,1e0mb2e,2024-07-11 11:08:18
HDD Corruption,1e0hct0,2024-07-11 05:33:37
Solocam S40 mount,1e0angk,2024-07-10 23:42:23
Connection issues,1e05dm1,2024-07-10 20:01:53
S330 is not showing thumbnails in full effect mode ,1e0560i,2024-07-10 19:53:30
HomeBase 3 Question,1e02khg,2024-07-10 18:07:28
additional action for specific person,1e01f32,2024-07-10 17:21:18
Is there a way to have a ‚ÄúStatic‚Äù Home position,1dzzsvi,2024-07-10 16:16:28
Anyone attach 2 solar panels to their S340?,1dzph47,2024-07-10 07:09:22
Eufy security camera,1dzo006,2024-07-10 05:33:48
Pause Doorbell Notifications While Talking to Someone Thru App,1dzikze,2024-07-10 00:45:38
Recommendations for a large common Covered/open Garage?,1dzc5ff,2024-07-09 20:08:53
S120,1dzaehq,2024-07-09 18:56:55
Do you need Homebase for C210?,1dz7aya,2024-07-09 16:50:33
Homebase 3 + Camera Setup and Understanding of Recording/Saving,1dz6f9r,2024-07-09 16:14:52
No events since firmware update,1dz38rr,2024-07-09 14:04:31
Add storage to Eufy cameras ,1dyzl28,2024-07-09 11:01:05
Latest System Update Lost Everything ,1dywphu,2024-07-09 07:48:24
Eufy S330 3-in-1 doorbell not recording events!,1dyvuj5,2024-07-09 06:50:36
S330 vs S340,1dyttn1,2024-07-09 04:44:53
E340 video doorbell,1dypzhq,2024-07-09 01:23:05
Will turning off a EUFY solar powered camera make it charge faster?,1dy92jw,2024-07-08 13:34:17
Doorsensors won't activate Alexa Echo DOT,1dy2mjl,2024-07-08 07:11:09
Two Floodlight cams are going offline,1dxru00,2024-07-07 21:43:24
Eufy Cameras and Alexa App,1dxr4sd,2024-07-07 21:13:41
Unable to Connect Floodlight Cam to HB3,1dxq96w,2024-07-07 20:36:40
Eufy S330 cheaper on ebay that website,1dxpf9j,2024-07-07 20:01:51
Has anyone used any other than stock solar panels on the S340?,1dxjtlf,2024-07-07 15:59:32
S340 Solar Panel Delamination ,1dxi45b,2024-07-07 14:43:42
Is wuuk the same as eufy?,1dxd73d,2024-07-07 10:09:18
Can you adjust the floodlight panels,1dxblbe,2024-07-07 08:18:34
Has anyone seen a camera report charged solar at night? ,1dx7jml,2024-07-07 03:52:36
E340 event list not refreshing on mobile data,1dx71dl,2024-07-07 03:23:15
S340 issues..,1dx2g60,2024-07-06 23:18:02
My S340 just stopped charging...,1dwt6x6,2024-07-06 16:14:04
E340 floodlight control by switch,1dwslns,2024-07-06 15:47:37
Questions regarding Eufy's Cellular cameras,1dwp3fq,2024-07-06 13:02:11
motion detection with s380 Homebase 3 & s330 cams,1dwoy06,2024-07-06 12:54:37
Actual Firmware for Indoor Cam S350 ?,1dwovzt,2024-07-06 12:51:33
Detection type vs notification type,1dwkpmw,2024-07-06 08:09:55
Doorbell not showing up in Google Automations,1dwfi97,2024-07-06 02:45:59
Best placement for courtyard,1dwdzii,2024-07-06 01:24:35
Best indoor camera to watch cat,1dwcmmm,2024-07-06 00:14:13
Battery draining like crazy on E340,1dwa2gw,2024-07-05 22:16:18
WTF is this nonsense sound my doorbell has started doing?! üîä,1dw0tb1,2024-07-05 15:34:59
Is eufy or wyze v4 camera safer?,1dw0pri,2024-07-05 15:30:41
"Eufy is on, you can watch live but recordings has stopped",1dvvumd,2024-07-05 11:34:46
Brand new s300 issues...,1dvo3o8,2024-07-05 03:04:45
S40,1dvdz6q,2024-07-04 18:36:13
"Official announcement of new SmartTrack Card/Link devices supporting Google ""Find My Device"" network lied about June availability. No word on new date?",1dvdegv,2024-07-04 18:11:34
S340,1dvd0o9,2024-07-04 17:55:23
Reduced Notifications but not reduced recording of events,1dvcb7z,2024-07-04 17:24:25
Corrosion/ water ingress on micro usb port EufyCam 2 Pro,1dvbp51,2024-07-04 16:58:07
Turning on/off all camera's motion sensing at the same time,1dvag07,2024-07-04 16:03:46
Reolink solar,1dvac7q,2024-07-04 15:59:28
Notifications/announcements name,1dv5ozb,2024-07-04 12:24:53
2C Pro solar panel problems,1dv5a8n,2024-07-04 12:02:15
S350 4K 24/7 recording,1dv3xpi,2024-07-04 10:43:02
Homebase 3: Only get notification when ‚Äòall other motion‚Äô checked,1dv25wa,2024-07-04 08:43:58
Doorbell 2k statistics ,1dv08h2,2024-07-04 06:35:50
Motion detection awful all the sudden? ,1duxbqx,2024-07-04 03:41:20
Should I get hombase 3 over my hb2 for my eufy doorbell dual for improvement?,1duueco,2024-07-04 01:05:33
Replacement piece for wired doorbell camera,1dutn1f,2024-07-04 00:26:43
Homebase 3 confused ,1dunsae,2024-07-03 20:03:49
Night Mode Woes,1dujddi,2024-07-03 16:59:48
Eufy homebase HDD Issue.,1duhd6v,2024-07-03 15:36:22
People porting around,1ductld,2024-07-03 12:12:45
Is it possible to configure the following detection setup? - Alarm by crossing X Zone,1duc39b,2024-07-03 11:32:20
Pre-recording test not working for E340 doorbell and EufyCam's support solution to it.,1dua0rc,2024-07-03 09:16:28
Why is setting up activity zones SO painful ,1dtygga,2024-07-02 22:22:07
Why is setting up activity zones SO painful ,1dtyfvs,2024-07-02 22:21:21
Eufy cameras becoming crap?,1dty09r,2024-07-02 22:01:52
Eufy base station 3 storage help,1dtx43d,2024-07-02 21:22:32
Eufy Homebase 3 - Firmware 3.5.3.1 issues,1dtqnsa,2024-07-02 16:53:11
Notifications,1dtmvjv,2024-07-02 14:14:15
Connect doorbell cam & garage cam to Hb3?,1dtj4bn,2024-07-02 11:04:29
Alarm only for humans and vehicles at night,1dtip3o,2024-07-02 10:38:50
Eufy doesn‚Äôt pick up my car coming into my driveway,1dtgwhm,2024-07-02 08:34:16
Pan tilt went beyond limits,1dtdpge,2024-07-02 04:57:54
Floodlight Cam issue/question,1dtapne,2024-07-02 02:12:16
Can't see live video on web site,1dtabmj,2024-07-02 01:53:28
My Solo spotlight camera drowned. Water got in through the reset pin hole. ü´†,1dta9g6,2024-07-02 01:50:22
E340 Floodlight Cam Help,1dt92q4,2024-07-02 00:50:50
Sales,1dt8uyz,2024-07-02 00:40:06
"Solocam s220, Homebase 3, Motion Sensor and Automation?",1dt8nkd,2024-07-02 00:30:04
Can't view events away from home,1dt6tsg,2024-07-01 23:04:14
Software or camera? ,1dt42i8,2024-07-01 21:05:22
Different Addresses,1dt2r2w,2024-07-01 20:11:35
How many 24/7 recordings simultaneously with Homebase 3 ?,1dt0quf,2024-07-01 18:49:23
24/7 recording with E220 (Indoor cam),1dsyr44,2024-07-01 17:28:31
Eufy Fixed my Offline Camera Problem,1dsqtai,2024-07-01 11:37:19
Anyone now what‚Äôs causing this issue?,1dsofpy,2024-07-01 09:03:57
Homebase 3 killing internet connectivity ,1dsnv7b,2024-07-01 08:24:22
Unable to View Live Stream on S220 Video Doorbell,1dsd77l,2024-06-30 22:19:16
Indoor C220 camera giving me notifications of motion detected - but no events are being recorded?,1ds9stm,2024-06-30 19:47:18
Any option to recover video if camera/homebase are stolen? ,1ds6fze,2024-06-30 17:17:21
Doorbell mounting ,1ds4ghg,2024-06-30 15:47:12
Eufy Smart Display Survey and Screenshots ,1ds17m1,2024-06-30 13:13:27
How can I test my solar panels/batteries? Warranty?,1drukmu,2024-06-30 05:45:44
Looking in to getting some items,1drqfyx,2024-06-30 01:38:26
Need settings advice please,1drphed,2024-06-30 00:44:58
HomeBase 3 connection question,1droj30,2024-06-29 23:54:44
Mod added Language Rules,1drlhot,2024-06-29 21:27:11
Unreliable Eufy cameras,1drl3yb,2024-06-29 21:09:00
Homebase 3 not entering pair mode/doesn't emit any sound wave,1drkj1j,2024-06-29 20:41:56
4G wireless camera?,1dr40x4,2024-06-29 05:33:28
Remove many recordings at once,1dqxvho,2024-06-28 23:51:25
How to enable cross camera tracking ,1dqv94t,2024-06-28 21:49:28
Eufy E40 cameras connected to solar are not staying charged,1dqv3hy,2024-06-28 21:42:17
E340 setup and install - basic question,1dqrj34,2024-06-28 19:06:30
After 5 years using Eufy I‚Äôm done ,1dqqran,2024-06-28 18:33:39
PSA: disable new tap and hold to pan featurr,1dqnhaz,2024-06-28 16:14:53
HOW TO Connect your eufy S120 Wall Light to a HomeBase 3,1dqhig3,2024-06-28 11:35:12
Eufy Indoor 2k w NO BARCODE!,1dqgu99,2024-06-28 10:54:09
No rec and notification while we @ home but record and notify @ night?,1dqfbr0,2024-06-28 09:10:37
Non Eufy brand chime is working lovely with my new S330 doorbell,1dqc5qv,2024-06-28 05:30:42
2k Pan & Tilt MicroSD required if you have HomeBase 3?,1dqbv3h,2024-06-28 05:12:18
S380 connection issues ,1dq44jp,2024-06-27 22:31:45
Any way to turn down how sensitive the microphone is on the camera? ,1dq3gzj,2024-06-27 22:01:54
S380 (Homebase 3 compatible camera list),1dpv0hl,2024-06-27 16:09:07
Solar not working on one s330,1dpqgc2,2024-06-27 12:47:24
"Moving from Ring to Eufy cant drill new holes in wall, can i simply drill into the mounting plate (Eufy E340) to match up to my Ring Doorbell Pro holes?",1dpo3bv,2024-06-27 10:33:53
how do i do playback on solocam s220 without taking out SD card?,1dphk58,2024-06-27 03:26:15
Eufi E220 and HB3 connection issue. ,1dpep7y,2024-06-27 00:59:23
E220 24/7 recording with HB3 storage?,1dp7m5t,2024-06-26 19:44:29
Eufy Time Lapse Video - How?,1dp725t,2024-06-26 19:21:33
Eufy Camera not giving any notification at all during the day,1dp6t9o,2024-06-26 19:11:36
Question on notifications for shared cameras ,1dp6a4u,2024-06-26 18:49:49
HomeKit or not to homekit,1dp5nzp,2024-06-26 18:24:02
Continuous recording and WiFi ,1dp4u6c,2024-06-26 17:49:37
Help with solar panel on E340 cam,1dp3nt1,2024-06-26 17:00:37
Eufy E340 Doorbell Camera Notifications are Highly Delayed. Please Help.,1dp3gjk,2024-06-26 16:52:14
Camera that tilts downwards?,1dp1b5s,2024-06-26 15:25:22
"Is it possible to conenct Eufy C210 on TV or NVR?
",1doyk46,2024-06-26 13:25:05
Doorbell for daughter‚Äôs soon to be college dorm,1doxatz,2024-06-26 12:23:47
Eufy app advertisements,1dovat7,2024-06-26 10:27:56
Does the EufyCam 3 support geofencing?,1doq6n6,2024-06-26 04:40:18
Changing the Wi-Fi ,1dohi3u,2024-06-25 21:34:16
Anyone else having trouble clearing internal hard drive on homebase 3?,1dof0oc,2024-06-25 19:50:59
Sensor integration with SoloCam s340,1doaotg,2024-06-25 16:49:38
S220 doesnt connect to homebase 2,1do8l1u,2024-06-25 15:20:31
Can not connect S40 to 2.4Ghz,1do6v33,2024-06-25 14:06:45
Archiving specific date/time range ,1do2kbz,2024-06-25 10:15:56
Solocam s340,1do2cg6,2024-06-25 10:01:03
2k doorbell ringing twice - anyone got same issue?,1do0cy4,2024-06-25 07:40:11
This is driving me nuts!,1dnwnw3,2024-06-25 03:43:09
Eufycam 3 Motion detection at night does not work well.,1dnmag5,2024-06-24 19:37:57
Unfortunate news for floodlight cam owners with HB3,1dnkfyr,2024-06-24 18:21:00
E220 Suddenly Stopped Continuous Recording,1dnh4r2,2024-06-24 16:04:42
Do you want a job at Eufy?,1dnfz7l,2024-06-24 15:16:52
E340 Doorbell cam showing incorrect battery level,1dnfju7,2024-06-24 14:59:46
Eufy Dual Doorbell 2k has started asking visitors to smile,1dnepeo,2024-06-24 14:23:19
Looking for recommandation for system camera,1dnb68y,2024-06-24 11:26:55
S330 motion detection,1dnaf27,2024-06-24 10:39:54
E330 Pro live stream,1dn67ae,2024-06-24 05:41:56
"Is this a known glitch? I cleared the data on my HB3 internal SSD but it‚Äôs still showing that 51% is available though yet all my past video are now inaccessible, indicating that the files were erased‚Ä¶.",1dn0mu1,2024-06-24 00:31:58
What's the point of this camera if I can't (easily) save video from it?,1dn0dkz,2024-06-24 00:18:54
WTF is my Floodlight Cam E340 doing???,1dmzwwh,2024-06-23 23:55:54
home alarm sound,1dmyv3a,2024-06-23 23:04:38
S120 light on time ,1dmwzbq,2024-06-23 21:37:39
Can someone explain the solar icons to be?,1dmvygq,2024-06-23 20:51:59
Will the SoloCam S220 and SoloCam S340 have Geofencing with HomeBase 3?,1dmr3z3,2024-06-23 17:16:33
All Footage Deleted,1dmq8f6,2024-06-23 16:37:18
Eufy outdoor camera for those in hot temperature area ?,1dmnclb,2024-06-23 14:27:12
Indoor MiniCam Offline,1dmlt5h,2024-06-23 13:10:30
How do you disarm automatically without using the app??,1dmkfby,2024-06-23 11:51:33
Which outdoor system to purchase?,1dmk2j5,2024-06-23 11:28:38
Privacy mode not so private on Google home ,1dmj7jk,2024-06-23 10:28:54
Weird glowing outline on camera,1dmhg5i,2024-06-23 08:20:22
Apple Secure Video without Eufy HomeBase,1dmfb4s,2024-06-23 05:50:42
Indoor Cam 2k Pan & Tilt Compatibility with HomeBase 3?,1dme257,2024-06-23 04:30:16
Please help. Looking for wireless battery/solar outdoor camera with geofencing that doesn't require HomeBase.,1dmcxtu,2024-06-23 03:24:48
"Eufy Keypad, protective plastic cover lifting?",1dm7uit,2024-06-22 22:53:17
Indoor cam recording to HB3?,1dm4kth,2024-06-22 20:20:48
S350 - Motion and Sound alerts when cameras switch to nightvision IR ,1dm3d22,2024-06-22 19:24:08
Wired cams that work with homebase3,1dm13h3,2024-06-22 17:41:18
Silicone case for Outdoor Cam Pro?,1dly6rz,2024-06-22 15:28:18
Homekit,1dlv2i0,2024-06-22 12:56:13
Anyone using the 2K indoor camera for outdoor purposes? ,1dllguy,2024-06-22 02:38:39
Eufy S340 Battery Issue,1dll7uz,2024-06-22 02:25:10
"If camera is stolen and reset, footage still accessible in home base 3?",1dlgmuh,2024-06-21 22:34:11
HomeBase 3: Adding external HDD via a SATA 'extension cord'?,1dlf96w,2024-06-21 21:32:02
Getting a replacement Homebase 3,1dlek62,2024-06-21 21:01:24
Floodlight camera does not work during day,1dl7201,2024-06-21 15:42:32
"S330 Motion detection test blinking led works at night, but very spotty bad real detection at night. (Not an AI issue)",1dkw9ih,2024-06-21 05:18:44
does the S340 pre-roll recordings when motion detected?,1dkp633,2024-06-20 23:03:55
Question on storage,1dkp1qi,2024-06-20 22:58:50
S120 Image Blue,1dkn0b0,2024-06-20 21:27:46
S350 Playback issue,1dkli52,2024-06-20 20:22:56
Anyone know if a magnetic camera mount would work with the Eufy E330?,1dkknww,2024-06-20 19:47:49
Unable to create Geofence,1dk78p7,2024-06-20 09:12:37
Recording to HB3,1dk5704,2024-06-20 06:45:20
eufy 2k doorbell  not found on second wifi AP with same SSID ,1dk2vh3,2024-06-20 04:16:29
Selecting notification to go to live view,1dk2c35,2024-06-20 03:46:10
Eufy Wireless 2K Doorbell: Is the Dual Camera version worth $80 (25%) extra?,1djyaal,2024-06-20 00:14:58
PSA: Eufy Cloud downgrades all cameras on your account to 1080P,1djvccl,2024-06-19 22:01:08
Doorbell Camera not recording,1djv7v9,2024-06-19 21:55:41
C120 Won't connect to wifi during setup,1djrnsc,2024-06-19 19:24:42
"Three battery cams go offline overnight, can't re-add",1djqgtr,2024-06-19 18:35:52
Eufy 24/7 Doorbell?,1djm8al,2024-06-19 15:39:16
S100 in smart home,1djm61t,2024-06-19 15:36:42
Camera only detect movement close to camera - Homebase S380+eufyCam S330,1djg5ty,2024-06-19 10:47:37
Turn on Privacy Mode with Alexa?,1djdamb,2024-06-19 07:28:06
Home base 3 can't format my 5tb HDD,1dj8rwn,2024-06-19 02:48:54
My  S220 doorbell has stopped recording. I'm at work and just felt like checking and there have been no events for the last three days. I can play the doorbell remotely and that works fine. ,1dj5za1,2024-06-19 00:26:25
Eufy App keeps sleeping on Android 8.1.0,1dj05cu,2024-06-18 20:07:53
EufyCam E330 Pro | EufyCam S340 Mounts the Same?,1divmiu,2024-06-18 16:59:52
Wired E340 battery backup?,1diufpt,2024-06-18 16:10:20
S40 Live Streamed for 7hrs and still going ,1disy56,2024-06-18 15:07:11
3 cams and 1 home base. ,1dipg62,2024-06-18 12:28:05
WiFi vs homebase,1digyoe,2024-06-18 03:24:50
Wasp does not appreciate my new S340 üêù,1diapff,2024-06-17 22:18:06
"On Schedule Mode, keeps getting stuck on disarmed ",1di5yyp,2024-06-17 19:00:33
HomeBase S380 deal for $99,1di5iru,2024-06-17 18:42:10
S330 4g lte connection problems,1dhuny1,2024-06-17 10:16:11
"Question for ""Store Videos on Homebase 3""",1dhtkg5,2024-06-17 08:57:28
55 Working Years?,1dhr728,2024-06-17 06:07:26
Inconsistent motion detection,1dhmy31,2024-06-17 01:49:57
Need some technical help b4 making a purchase,1dhdnhj,2024-06-16 18:16:56
Help,1dhctd5,2024-06-16 17:38:23
No audio on RTSP stream to Synology NAS Surveillance Station ,1dh7v1g,2024-06-16 13:42:49
PSA: Motion detection issues with doorbell? Try this ,1dh6rk4,2024-06-16 12:42:38
Solocam S220 Built-in Solar,1dh6f0x,2024-06-16 12:21:59
Wired 2k old chime question,1dgy9lg,2024-06-16 03:01:59
Gotten worse?,1dgv5f9,2024-06-16 00:04:01
S350 record to homebase 3 and SD card? ,1dgu7t5,2024-06-15 23:15:34
Garage Control and Wayne Dalton,1dgr7nx,2024-06-15 20:46:15
Solar panel sucks at charging,1dgnhoe,2024-06-15 17:50:51
Homebase 2 setup without ethernet ,1dgk64y,2024-06-15 15:14:10
Eufy no replaceable batteries,1dggdik,2024-06-15 11:59:20
Is there something like an FAQ on Eufy?,1dgfv7p,2024-06-15 11:27:46
E340 doorbell far away frome homebase,1dge0qr,2024-06-15 09:16:59
I have a restaurant I want to,1dgcejn,2024-06-15 07:18:26
S340 how do we setup patrol options?,1dg8l8w,2024-06-15 03:14:58
How to disable live stream?,1dg5d7z,2024-06-15 00:18:58
"Need a favor ,if you will be so kind.",1dg3kj8,2024-06-14 22:50:36
Switching to Eufy,1dg329i,2024-06-14 22:26:37
Was it a wifi jammer?,1dg2bpi,2024-06-14 21:52:15
No video and camera turns by itself,1dfv2v3,2024-06-14 16:34:00
Confusion re:Homebase,1dftwbt,2024-06-14 15:42:45
2K powered doorbell update,1dft3ey,2024-06-14 15:08:44
Which outdoor camera has geofencing?,1dfh0o5,2024-06-14 03:05:42
Compatibility ,1dfgqsh,2024-06-14 02:50:29
Camera safe to use?,1dfg3rd,2024-06-14 02:15:56
How do the cameras/app work with multiple notifications?,1df405f,2024-06-13 17:04:02
"Even if I set my activity zone like this, I'm getting notified every time someone walks along the path",1df3301,2024-06-13 16:25:05
Is there any way to silence notifications for a set period after a notification is triggered?,1dewbpk,2024-06-13 11:04:32
S330 siren question ,1deuew4,2024-06-13 08:56:15
Eufy e340 not connecting to existing indoor chime,1deo5dx,2024-06-13 02:19:40
C330 no longer charging,1defjh2,2024-06-12 19:41:28
"""A pet has been spotted""",1defj2s,2024-06-12 19:41:01
What is this?,1deebss,2024-06-12 18:51:26
Is my SoloCam on the way out?,1de779z,2024-06-12 13:53:10
New to home security ,1de3x2t,2024-06-12 11:02:37
HOME BASE 3 GOES OFF LINE WHEN THE INTERNET GOES DOWN?,1de2673,2024-06-12 09:05:43
Does eufy 4G LTE Cam S330 work on Canada Rogers network,1ddwjud,2024-06-12 03:00:29
Is there a way to transfer ownership of devices across accounts?,1ddukv4,2024-06-12 01:16:42
Doorbell battery life,1ddu9gx,2024-06-12 01:00:30
Continous recording which automatically overrides,1ddnlai,2024-06-11 20:01:43
Sound detection,1ddnfta,2024-06-11 19:55:39
Do the c210 cameras store to the cloud?,1ddkrju,2024-06-11 18:07:10
Is it charging?,1ddjkod,2024-06-11 17:17:59
Mounting SoloCam S340 to a tree,1ddizbk,2024-06-11 16:54:04
What does S340 3K SoloCam connect to?,1dd3tet,2024-06-11 02:47:29
Eufy Spaceview monitor VOX sound issue,1dd3bf6,2024-06-11 02:21:11
Is this a legit k line Eufy shop?,1dd28va,2024-06-11 01:25:59
When does my s330 doorbell start charging again?,1dd1swp,2024-06-11 01:03:09
S220 Cam & Home Base,1dczf7f,2024-06-10 23:06:32
Help with pairing S350 to HomeBase 3.,1dcxyhu,2024-06-10 22:02:18
"SoloCam S340 showing as ""Aminahmed RoboVac Series"" on wifi...what is this?",1dcx2of,2024-06-10 21:24:55
Cameras that don't store video at max resolution?,1dcwi6h,2024-06-10 21:01:45
Keypad offlibe suddenly and modes not working ,1dcqqi4,2024-06-10 17:09:45
Optimizing events and notifications on 5 cameras?,1dcq2zx,2024-06-10 16:43:04
Automation - Camera On vs Recording,1dclcz2,2024-06-10 13:20:57
I need 3 outdoor camera with no power cable to control if someone come close to my doorway,1dck171,2024-06-10 12:14:43
Mixing Eufy Cameras,1dchrjh,2024-06-10 09:53:27
"C210 camera is ""off"" but making shutter noises every half an hour or so",1dchkg0,2024-06-10 09:39:28
"How to fix Floodlight ""Camera Offline"" ?",1dcdsc8,2024-06-10 05:10:26
How to suppress notifications from single camera?,1dcb1c1,2024-06-10 02:32:52
WTH? Trying to view saved videos and I get this. I restarted the camera and reformatted the SD card and still ,1dc57tq,2024-06-09 21:47:14
Please give us option to turn off the stupid encryption!,1dc2cxf,2024-06-09 19:46:50
Looking for camera for monitoring residential street traffic,1dc17u6,2024-06-09 18:58:00
Which SD card are you using for your Eufy product?,1dbyut6,2024-06-09 17:16:32
Dual Camera doorbell Advertisement ,1dbykwr,2024-06-09 17:04:27
Human recognition thumbnails very low down ,1dbuozx,2024-06-09 14:14:03
s330 EufyCam not recording at night,1dbufth,2024-06-09 14:02:21
Best indoor cameras ,1dbtdyu,2024-06-09 13:10:36
What is the differance between the Baby Camere E110 and the Pro version E210?,1dbpmm5,2024-06-09 09:12:36
Anyone had SD compatibility issues?,1dbldn8,2024-06-09 04:29:24
Eufy SoloCam S220,1dbgupk,2024-06-09 00:19:20
Is the cloud storage actually free?,1dbd4ow,2024-06-08 21:20:40
Android Geofencing prob,1dba859,2024-06-08 19:06:18
Eufy Security Spaceview - warm lens,1db6z7n,2024-06-08 16:37:57
Copying off all clips from a P24 camera. Any way to detect incomplete clips barring just making another full pass and comparing file sizes?,1db6ikp,2024-06-08 16:16:33
Homebase 3 - Hard drive bay is stuck,1db5kjd,2024-06-08 15:32:59
base units not working,1db4ul4,2024-06-08 14:59:47
Changing security modes without app?,1db0hp1,2024-06-08 11:08:56
Advice for indoor camera for elderly,1dawyro,2024-06-08 07:01:25
Garage cam on/off notifications,1dabb24,2024-06-07 13:55:10
340 Solo geofancing,1daaskc,2024-06-07 13:33:00
What to do with a Homebase 2?,1daaf25,2024-06-07 13:16:12
Grainy live-view cameras,1da9jck,2024-06-07 12:34:18
I‚Äôve tried to stand up for eufy countless times but I can‚Äôt anymore‚Ä¶.,1da6plw,2024-06-07 09:43:21
2K Battery Video Doorbell audio issue,1da4uu3,2024-06-07 07:24:02
How would you set this up using Modes and Automation?,1d9z944,2024-06-07 01:50:28
Freezing problem,1d9whcn,2024-06-06 23:31:59
Google home says cams are offline?,1d9v7ul,2024-06-06 22:34:46
Wouldn‚Äôt it be better to have a widget in iPhone to snooze camera for certain time?,1d9t6w5,2024-06-06 21:08:44
Homebase 3 has to be positioned close to the Solocam?,1d9rpo3,2024-06-06 20:09:03
Can these notifications be tamed?,1d9rc09,2024-06-06 19:54:13
2c pro - continuous recording ,1d9p3xe,2024-06-06 18:22:19
Upgrade homebase 3 drive and keep recordings,1d9oio8,2024-06-06 17:58:03
No audio on my Eufy Pan and Tilt 2K indoor cams,1d9o02y,2024-06-06 17:36:13
Humorous person keeps triggering my camera,1d9lrg4,2024-06-06 16:02:43
Nothing in ‚Äúevents‚Äù tab after I get multiple alerts.,1d9l469,2024-06-06 15:35:27
"Strata and ""Fire Safety""",1d9jy43,2024-06-06 14:46:45
Sicherheits Modus,1d9eeoy,2024-06-06 09:51:28
SoloCam S340 and Alexa,1d995hv,2024-06-06 03:50:56
All my Eufy Outdoor cam E220 32gb sd cards included in the packages are all dead and doesn't recognize that there is an sd card?,1d98y59,2024-06-06 03:38:55
Hardwiring Outdoor E220,1d97036,2024-06-06 01:53:53
Eufy doorbell dua 2 pro,1d92dvs,2024-06-05 22:09:55
HomeBase Shared Home,1d91qib,2024-06-05 21:41:56
So I donated 100+ clips... Nothing happened... Has ANYONE ever gotten anything from donating clips?,1d8vexr,2024-06-05 17:20:04
S380/Homekit?,1d8uzl2,2024-06-05 17:02:15
Eufycam S40/S230 fixed.,1d8qzr6,2024-06-05 14:14:45
POE Splitter + HomeBase S380,1d8ps1o,2024-06-05 13:20:39
What size hard drive for Homebase 3? ,1d8ju4b,2024-06-05 07:10:50
What am I missing here?,1d89bc4,2024-06-04 21:53:17
Camera question - garage / overhang / quality ,1d87vvh,2024-06-04 20:54:09
What's the average percent increase are you getting on your external eufy solar panel?,1d875zc,2024-06-04 20:24:58
View all favourites,1d85k94,2024-06-04 19:19:04
Doorbell E340 ringtone change,1d80ez0,2024-06-04 15:46:11
"Need help, what works with HomeBase 3?",1d807ow,2024-06-04 15:37:58
Firmware Update Baby Monitor T8300,1d7blls,2024-06-03 18:27:34
SoloCam S340 Too frequent notifications.,1d7auaf,2024-06-03 17:57:41
replacement terminal screws for e340?,1d7ak0n,2024-06-03 17:45:57
Update WiFi without removing the installed light?,1d77yzx,2024-06-03 16:00:26
Silly noises after ringing the dual cam door bell,1d77ffn,2024-06-03 15:38:02
C120 with SD cards vs Homebase 3?,1d76vtk,2024-06-03 15:15:00
No HomeBase - which camera/s to buy?,1d71u5l,2024-06-03 11:11:01
Homebase 3 S380 Homekit support,1d6ylol,2024-06-03 07:16:50
"S380 homebase new ""reset device"" app option?",1d6xpy3,2024-06-03 06:14:27
Do i need a homebase 3? Is there a significant advantage for SoloCam S340? ,1d6vvr6,2024-06-03 04:16:43
S120 Solar Wall Light Concerns,1d6sn1t,2024-06-03 01:17:07
Home base three and cross camera tracking with outside solar lights now,1d6otvm,2024-06-02 22:09:19
Homebas 2 compatible cameras,1d6m4o1,2024-06-02 20:09:17
Use homebase but connect to regular wifi? ,1d6j9g3,2024-06-02 18:04:22
Eufy wired dual camera doorbell google wifi connection issue,1d6d3xn,2024-06-02 13:17:05
HomeBase 3 OR Synology NAS,1d6b0j7,2024-06-02 11:15:06
Ai Camera Thoughts,1d6990h,2024-06-02 09:10:14
First buyer (outdoor + indoor system),1d694l8,2024-06-02 09:01:17
When does HomeKit update come to the Eufy outdoor solar cams?,1d67wtj,2024-06-02 07:30:44
Indoor cams connected to HomeBase 3 but doesn‚Äôt change states when HomeBase 3 changes state,1d67vfv,2024-06-02 07:28:04
Home Base 3 Storage,1d659p9,2024-06-02 04:32:02
"Switching primary ""owner"" ",1d5znzh,2024-06-01 23:19:50
Geofencing doesn't work. Ignore notifications doesn't work. What can I do?,1d5pgva,2024-06-01 15:26:43
Floodlight cam,1d5mzfb,2024-06-01 13:27:47
Outdoor E220 w/Solar,1d59e5g,2024-05-31 23:32:52
Security Cams with better Preroll?,1d58f1d,2024-05-31 22:46:34
Homebase 2 and new homebase 3,1d56m1b,2024-05-31 21:23:52
Camera offline,1d56kjr,2024-05-31 21:22:04
After subscribing does the stories bar don't show when movement happens? ,1d55t1q,2024-05-31 20:48:22
Eufycam troubles,1d546lj,2024-05-31 19:37:42
Eufy Floodlight Camera Recording but Floodlights Not Working - Need Help!,1d51pdc,2024-05-31 17:51:45
Lost all my devices $&@#%¬• !!,1d4zvho,2024-05-31 16:34:03
Eufy + Unifi cant connect,1d4yb2f,2024-05-31 15:27:20
Automation Device Names Gone,1d4w5rl,2024-05-31 13:53:07
Solocam S40 what happened ,1d4qd4f,2024-05-31 08:01:40
Connecting Solocam(s) to Homebase,1d4pvy8,2024-05-31 07:26:09
Outdoor Cam Pro Missing Motion ,1d4o8hn,2024-05-31 05:32:09
E330 No More Notifications ,1d4mkjh,2024-05-31 03:52:25
Troubleshooting ,1d4kcoy,2024-05-31 01:51:50
Would someone who has the 4 the 24 x7 recording ones professional cameras mind sharing raw footage?,1d4j37z,2024-05-31 00:45:26
Urgent! Notification Regarding Your Solocam S220 Order - Form not working?,1d4hzbp,2024-05-30 23:50:31
Video doorbell 2k no longer working,1d4f70z,2024-05-30 21:40:08
USB extension for S340 solar panel,1d4eco6,2024-05-30 20:59:08
Totally Confused About E330,1d49pvd,2024-05-30 17:35:23
So tell me about your experience with Outdoor cam e210/220,1d48fu9,2024-05-30 16:40:07
How do region settings work?,1d46mxe,2024-05-30 15:23:36
Failed to request error? I'd love to hear if other people have this issue and thoughts,1d450if,2024-05-30 14:12:24
Doorbell saying weird things,1d435xa,2024-05-30 12:44:41
Homebase 3 storage,1d3xfhh,2024-05-30 06:23:29
I need to install 8 cameras on a very small building. Which cameras?,1d3ia0n,2024-05-29 17:50:11
Eufy Floodlight Cam turns away from action,1d3f4qp,2024-05-29 15:35:58
E340 Floodlight/Doorbell Sun Cover,1d3ei6m,2024-05-29 15:09:13
Whats going on with Motion detection on EufyCam 2c?,1d3e32m,2024-05-29 14:51:31
Eufy C24 power time,1d398vj,2024-05-29 10:48:43
Limit duration of days recordings are saved / automatic deletion after x time,1d38695,2024-05-29 09:38:05
Outsider camera compatible with Homebase 2 with constant recording of images. ,1d37dvi,2024-05-29 08:40:21
Delay camera alarm ,1d35y4i,2024-05-29 06:56:54
Can't seem to fully connect chime to S330 video smart lock?,1d33pn7,2024-05-29 04:27:37
All of my Face Management images are blank,1d32yla,2024-05-29 03:44:28
Guests can't snooze notifications?,1d2mhe4,2024-05-28 15:39:39
"Can't see recordings when camera is offline, even though I pay for Eufy service (and more)",1d2m7d1,2024-05-28 15:27:31
Does your camera always restart at the same time?,1d2ku0n,2024-05-28 14:29:07
"Car got broken into, recordings from that day either didn‚Äôt record or deleted ",1d2hi4b,2024-05-28 11:47:08
Indoor cam Pan&Tilt 2k + s380 = only 1080p,1d2dm1a,2024-05-28 07:19:45
App only recording 1 of 4 camera's events,1d2a6om,2024-05-28 03:38:27
SIM card eufy starlight,1d29nei,2024-05-28 03:08:22
Hardwire + USB to Doorbell???? ,1d29h3i,2024-05-28 02:58:58
Where to mount S340 for best views?,1d26rr1,2024-05-28 00:34:26
[UK Post ] Can eufyCam E330 (Professional) be hard wired into fuse boxes instead of having a plug,1d24fk9,2024-05-27 22:41:05
C120 indoor cam,1d238pp,2024-05-27 21:46:49
SoloCam USB cables,1d22q6k,2024-05-27 21:24:12
New to Eufy - AI Doesn't ignore people. Am I doing something wrong? ,1d1y1g3,2024-05-27 18:15:31
E340 Floodlight?,1d1u78f,2024-05-27 15:30:42
What log files does the eufy camera upload when I upload it to support? ,1d1tmro,2024-05-27 15:05:49
Eufy door sensors integrate with google hub or echo dot,1d1qzcr,2024-05-27 13:00:44
Replacement for SoloCam E40 ?,1d1qkfd,2024-05-27 12:38:39
"Eufy doorbell now beeping when motion detected, where to change this?",1d1nv84,2024-05-27 09:45:39
Doorbell has started talking?!,1d1n6hc,2024-05-27 08:54:02
Bricked L40 cam - won't reconnect to wifi,1d1gsg0,2024-05-27 01:55:15
Homekit 4 camera limitation,1d1atbk,2024-05-26 20:48:10
Eufy T8210,1d1anio,2024-05-26 20:40:44
Anyone else getting ghost rings on the doorbell?,1d18xep,2024-05-26 19:21:34
Installing wired eufy video doorbell,1d1832l,2024-05-26 18:43:22
Not recording  ,1d17i6p,2024-05-26 18:17:50
How to return an item. ,1d14lch,2024-05-26 16:03:34
Homebase 3 ,1d12jx1,2024-05-26 14:27:05
Looking for a 4G solution,1d12ah7,2024-05-26 14:14:37
"Video Doorbell 2K (battery powered) with just Wi-Fi Chime, without home base?",1d11yod,2024-05-26 13:58:40
Battery Doorbell 2k not connecting to Eufy Homebase2,1d0xszt,2024-05-26 09:38:45
Recommend harddrive ,1d0ww6r,2024-05-26 08:27:51
Does having a homebase 3 make things load faster? Is it worth it?,1d0ij3f,2024-05-25 18:40:25
Thinking about buying eufyCam S330 (eufyCam 3) 4-Cam Kit + 1 TB Hard Drive but I have some questions ,1d0ha03,2024-05-25 17:42:07
What log data does eufy share with the manufacturer? ,1d0fbeo,2024-05-25 16:08:58
Eufy cam 2c Pro notifications ,1d0cchl,2024-05-25 13:43:43
"Dual Doorbell: ""make a funny face to open the door""",1d09bpn,2024-05-25 10:47:20
Question about notification and event recording. ,1czwu8m,2024-05-24 22:13:13
Question on setting up new Eufy system,1cztggm,2024-05-24 19:44:39
"E340 doorbell sound breaking up/crackling on 2way chat, please help",1czo8pp,2024-05-24 16:02:21
Blue light dot flashing on Eufy S100,1czmsys,2024-05-24 15:00:34
Is it normal for my eufy camera to connect to the google DNS server?,1czlcex,2024-05-24 13:56:29
Camera disappearing from app and account,1czktcj,2024-05-24 13:31:45
Private key to watch videos. ,1czbc99,2024-05-24 03:23:45
Is my experience unusual? ,1czag9c,2024-05-24 02:34:21
What does the lock icon mean?,1czace7,2024-05-24 02:28:36
Looking for advice on upgrading my system. ,1cz8rdj,2024-05-24 01:03:11
I Think I'm Confused,1cz590x,2024-05-23 22:12:09
Outdoor camera with replaceable batteries?,1cz3js1,2024-05-23 20:59:38
Does Eufy make an indoor WIRELESS cam?,1cz28gk,2024-05-23 20:04:15
Motuon alam settings,1cz0j7g,2024-05-23 18:54:21
2c camera disable,1cyxqtw,2024-05-23 16:58:17
Did everyone's cameras restart last night?,1cyuuv0,2024-05-23 14:59:28
E340 Floodlight Dual Camera Mounting Height,1cyqfx7,2024-05-23 11:25:05
Private key issue ,1cyq9vf,2024-05-23 11:14:52
Is there a camera similar to the Solocam C210 with ability to use an SD card?,1cymauf,2024-05-23 06:36:33
E340 floodlight dissapointing device!,1cykhsm,2024-05-23 04:41:26
Eufy e330 weird doorbell,1cygk2v,2024-05-23 01:06:58
Human Notifications With No Video,1cyggd8,2024-05-23 01:01:48
Indoor Continuous recording ,1cyewkr,2024-05-22 23:44:01
Can I use solar panel from solo cam e40 to charge s340?,1cyc146,2024-05-22 21:35:34
Continuous Recording Cam Suggestion,1cyb99n,2024-05-22 21:03:11
S330 Lock and security modes,1cy8fgu,2024-05-22 19:05:49
S230 lock slow to wake up,1cy6ft1,2024-05-22 17:46:33
Keep having same error once in awhile for S350 Cam. ,1cy1z3v,2024-05-22 14:44:37
I get notifications but when I open I always miss what happened ,1cxycyc,2024-05-22 11:52:36
E340 Floodlight Camera - does 24/7 recording stop when live view,1cxwrb7,2024-05-22 10:13:48
eufyCam Cross Camera Tracking - What Does it do and do YOU need it?,1cxtbt8,2024-05-22 06:06:51
Camera has stopped syncing,1cxs3w9,2024-05-22 04:49:05
Show events in the small box but not show any recording,1cxqg9t,2024-05-22 03:13:30
Why is my solar panel charging hovering at 47%,1cxpxfc,2024-05-22 02:45:04
Why did my Eufy S350 restart at 1pm?,1cxfuvo,2024-05-21 19:04:30
Eufy E340 floodlight question about homebase 3 or sd card,1cxfucz,2024-05-21 19:03:56
Trying to connect to the Alexa app,1cxfb4v,2024-05-21 18:42:33
Transferring Eufy Cameras to Homekit,1cxczni,2024-05-21 17:07:27
How to configure alarm?,1cxadbg,2024-05-21 15:17:15
E340 doorbell,1cx8hyy,2024-05-21 13:55:43
Which screws do I need to replace back screws for the chime in my doorbell 2k?,1cx819r,2024-05-21 13:33:48
Eufy Doorbell 2k solar charging,1cx4ay2,2024-05-21 10:08:35
Record Motion (But Don‚Äôt Track it with Camera)?,1cwzd3u,2024-05-21 04:23:14
New to Eufy Cameras. Did they ever fix the security breach from a few years ago?,1cwytp2,2024-05-21 03:51:41
SD card issues with Eufy indoor 2K pan&tilt cam?,1cwwyw0,2024-05-21 02:10:39
S120 Not connecting to HB3,1cwwji4,2024-05-21 01:49:00
SoloCam S340 keep discharging ,1cwq7x3,2024-05-20 20:56:32
Are these eufy servers?,1cwnoih,2024-05-20 19:12:09
E340 floodlight: continuous recording menu?,1cwiwht,2024-05-20 15:53:28
What is the name of your Eufy C24 (E220) outdoor camera in the router's DHCP list?,1cwia2g,2024-05-20 15:26:18
Continuous recording camera that works with homebase 2?,1cwgnok,2024-05-20 14:15:46
"I tried installing my camera outside and it looses range , but my doorbell camera works just fine and it‚Äôs the same distance , what should I do ? ",1cwd93s,2024-05-20 11:27:47
New Homebase 3 firmware,1cwczsl,2024-05-20 11:12:34
"Good morning, I would like to install my eufy security camera on the mains. so you no longer need to charge all the time. I know nothing about electricity but I was told that I must have a transformer? Do you have a link to buy it. I live in Switzerland.",1cwce67,2024-05-20 10:35:52
S40 motion detection does not work all the time ,1cwb0zn,2024-05-20 09:03:03
Eufy 1080p doorbell,1cw89dx,2024-05-20 05:44:00
Inverting a EUFY SECURITY SOLOCAM S340,1cw83mx,2024-05-20 05:33:05
New to cameras - can I have everything running locally without any internet at all? Cam and doorcam?,1cw4awe,2024-05-20 01:52:23
New cam coming?,1cw061n,2024-05-19 22:26:09
Flexible clamp mount for eufy Security Indoor Cam,1cw030j,2024-05-19 22:22:18
Outage?,1cvv4r5,2024-05-19 18:41:38
Any new cameras that still work with Homebase2?,1cvuwv3,2024-05-19 18:31:44
No event recorded,1cvus3g,2024-05-19 18:25:43
Best eufy cam for sky,1cvt3hy,2024-05-19 17:08:54
Snoozing notifications dont work?,1cvryyv,2024-05-19 16:17:34
No motion detection & recording since HB3 firmware update on 5/11,1cvrmpg,2024-05-19 16:02:57
Motion detection quality issues?,1cvpj7r,2024-05-19 14:29:06
Need advice on cameras,1cvphuo,2024-05-19 14:27:09
"Help me determin i set the 24/7 recording right. Id like it only to live record between 930pm-6am. I dont see a am/pm switch, but that maybe bc its a 24hr setup and not 12.",1cvniay,2024-05-19 12:47:14
